pestname;value;week;SectionId;Section
Sciara;7;17;10;Afdeling 2
Sciara;7;34;10;Afdeling 2
Sciara;12;34;10;Afdeling 2
Sciara;9;25;10;Afdeling 2
Sciara;7;25;10;Afdeling 2
Sciara;16;19;10;Afdeling 2
Sciara;7;19;10;Afdeling 2
Sciara;13;22;10;Afdeling 2
Sciara;12;22;10;Afdeling 2
Sciara;14;22;10;Afdeling 2
Sciara;14;33;9;Afdeling 1
Sciara;11;33;9;Afdeling 1
Sciara;7;24;9;Afdeling 1
Sciara;7;18;9;Afdeling 1
Sciara;9;14;9;Afdeling 1
Sciara;7;25;9;Afdeling 1
Sciara;17;19;9;Afdeling 1
Sciara;21;19;9;Afdeling 1
Sciara;15;19;9;Afdeling 1
Sciara;18;34;9;Afdeling 1
Sciara;1;51;27;Afdeling 18
Sciara;1;51;27;Afdeling 18
Sciara;1;50;27;Afdeling 18
Sciara;1;31;27;Afdeling 18
Sciara;1;34;27;Afdeling 18
Sciara;1;46;26;Afdeling 17
Sciara;1;6;26;Afdeling 17
Sciara;1;49;26;Afdeling 17
Sciara;1;9;26;Afdeling 17
Sciara;1;50;26;Afdeling 17
Sciara;1;50;26;Afdeling 17
Sciara;1;47;26;Afdeling 17
Sciara;1;44;26;Afdeling 17
Sciara;1;49;26;Afdeling 17
Sciara;1;46;26;Afdeling 17
Sciara;1;51;26;Afdeling 17
Sciara;1;50;26;Afdeling 17
Sciara;1;48;26;Afdeling 17
Sciara;1;47;26;Afdeling 17
Sciara;1;4;26;Afdeling 17
Sciara;1;47;26;Afdeling 17
Sciara;1;4;26;Afdeling 17
Sciara;1;46;25;Afdeling 16
Sciara;1;44;25;Afdeling 16
Sciara;1;32;25;Afdeling 16
Sciara;1;33;25;Afdeling 16
Sciara;1;32;25;Afdeling 16
Sciara;1;51;25;Afdeling 16
Sciara;1;31;25;Afdeling 16
Sciara;1;48;25;Afdeling 16
Sciara;1;27;24;Afdeling 15
Sciara;1;50;24;Afdeling 15
Sciara;1;50;24;Afdeling 15
Sciara;1;32;24;Afdeling 15
Sciara;1;31;24;Afdeling 15
Sciara;1;14;24;Afdeling 15
Sciara;1;32;24;Afdeling 15
Sciara;1;15;24;Afdeling 15
Sciara;1;47;24;Afdeling 15
Sciara;1;31;24;Afdeling 15
Sciara;1;13;24;Afdeling 15
Sciara;1;7;24;Afdeling 15
Sciara;1;32;23;Afdeling 14
Sciara;1;33;23;Afdeling 14
Sciara;1;51;23;Afdeling 14
Sciara;1;32;23;Afdeling 14
Sciara;1;17;23;Afdeling 14
Sciara;1;16;23;Afdeling 14
Sciara;1;7;23;Afdeling 14
Sciara;1;51;22;Afdeling 13
Sciara;1;47;22;Afdeling 13
Sciara;1;47;22;Afdeling 13
Sciara;1;44;22;Afdeling 13
Sciara;1;44;22;Afdeling 13
Sciara;1;31;22;Afdeling 13
Sciara;1;47;22;Afdeling 13
Sciara;1;6;22;Afdeling 13
Sciara;1;7;22;Afdeling 13
Sciara;1;43;21;Afdeling 12
Sciara;1;11;21;Afdeling 12
Sciara;1;44;21;Afdeling 12
Sciara;1;44;21;Afdeling 12
Sciara;1;6;21;Afdeling 12
Sciara;1;17;21;Afdeling 12
Sciara;1;13;21;Afdeling 12
Sciara;1;4;21;Afdeling 12
Sciara;1;40;20;Afdeling 11
Sciara;1;27;20;Afdeling 11
Sciara;1;15;20;Afdeling 11
Sciara;1;6;20;Afdeling 11
Sciara;1;7;20;Afdeling 11
Sciara;1;17;20;Afdeling 11
Sciara;1;32;18;Afdeling 10
Sciara;1;51;18;Afdeling 10
Sciara;1;40;18;Afdeling 10
Sciara;1;33;18;Afdeling 10
Sciara;1;32;18;Afdeling 10
Sciara;1;6;18;Afdeling 10
Sciara;1;11;18;Afdeling 10
Sciara;1;51;18;Afdeling 10
Sciara;1;51;18;Afdeling 10
Sciara;1;50;18;Afdeling 10
Sciara;1;31;18;Afdeling 10
Sciara;1;31;18;Afdeling 10
Sciara;1;13;18;Afdeling 10
Sciara;1;47;18;Afdeling 10
Sciara;1;11;18;Afdeling 10
Sciara;1;7;18;Afdeling 10
Sciara;1;45;17;Afdeling 9
Sciara;1;49;17;Afdeling 9
Sciara;1;15;17;Afdeling 9
Sciara;1;13;17;Afdeling 9
Sciara;1;43;16;Afdeling 8
Sciara;1;49;16;Afdeling 8
Sciara;1;47;16;Afdeling 8
Sciara;1;48;16;Afdeling 8
Sciara;1;31;16;Afdeling 8
Sciara;1;51;16;Afdeling 8
Sciara;1;32;16;Afdeling 8
Sciara;1;18;16;Afdeling 8
Sciara;1;15;16;Afdeling 8
Sciara;1;14;16;Afdeling 8
Sciara;1;14;16;Afdeling 8
Sciara;1;13;16;Afdeling 8
Sciara;1;47;16;Afdeling 8
Sciara;1;31;16;Afdeling 8
Sciara;1;13;16;Afdeling 8
Sciara;1;32;15;Afdeling 7
Sciara;1;17;15;Afdeling 7
Sciara;1;15;15;Afdeling 7
Sciara;1;40;15;Afdeling 7
Sciara;1;40;15;Afdeling 7
Sciara;1;18;15;Afdeling 7
Sciara;1;15;15;Afdeling 7
Sciara;1;32;15;Afdeling 7
Sciara;1;31;15;Afdeling 7
Sciara;1;32;15;Afdeling 7
Sciara;1;43;14;Afdeling 6
Sciara;1;43;14;Afdeling 6
Sciara;1;42;14;Afdeling 6
Sciara;1;48;14;Afdeling 6
Sciara;1;31;14;Afdeling 6
Sciara;1;17;14;Afdeling 6
Sciara;1;17;14;Afdeling 6
Sciara;1;32;14;Afdeling 6
Sciara;1;40;14;Afdeling 6
Sciara;1;40;14;Afdeling 6
Sciara;1;6;14;Afdeling 6
Sciara;1;13;14;Afdeling 6
Sciara;1;46;13;Afdeling 5
Sciara;1;49;13;Afdeling 5
Sciara;1;49;13;Afdeling 5
Sciara;1;47;13;Afdeling 5
Sciara;1;34;13;Afdeling 5
Sciara;1;32;13;Afdeling 5
Sciara;1;49;12;Afdeling 4
Sciara;1;51;12;Afdeling 4
Sciara;1;16;12;Afdeling 4
Sciara;1;32;12;Afdeling 4
Sciara;1;33;11;Afdeling 3
Sciara;1;15;11;Afdeling 3
Sciara;1;18;11;Afdeling 3
Sciara;1;15;11;Afdeling 3
Sciara;1;17;11;Afdeling 3
Sciara;1;42;11;Afdeling 3
Sciara;1;13;11;Afdeling 3
Sciara;1;13;11;Afdeling 3
Sciara;1;46;10;Afdeling 2
Sciara;1;40;10;Afdeling 2
Sciara;1;18;10;Afdeling 2
Sciara;1;11;10;Afdeling 2
Sciara;1;17;10;Afdeling 2
Sciara;1;48;10;Afdeling 2
Sciara;1;48;10;Afdeling 2
Sciara;1;42;10;Afdeling 2
Sciara;1;29;10;Afdeling 2
Sciara;1;16;10;Afdeling 2
Sciara;1;13;10;Afdeling 2
Sciara;1;16;10;Afdeling 2
Sciara;1;49;9;Afdeling 1
Sciara;1;43;9;Afdeling 1
Sciara;1;42;9;Afdeling 1
Sciara;1;40;9;Afdeling 1
Sciara;1;40;9;Afdeling 1
Sciara;1;40;9;Afdeling 1
Sciara;1;24;9;Afdeling 1
Sciara;1;24;9;Afdeling 1
Sciara;1;23;9;Afdeling 1
Sciara;1;18;9;Afdeling 1
Sciara;1;18;9;Afdeling 1
Sciara;1;15;9;Afdeling 1
Sciara;1;6;9;Afdeling 1
Sciara;1;23;9;Afdeling 1
Sciara;1;16;9;Afdeling 1
Sciara;1;14;9;Afdeling 1
Sciara;1;44;9;Afdeling 1
Sciara;0;49;27;Afdeling 18
Sciara;0;49;27;Afdeling 18
Sciara;0;48;27;Afdeling 18
Sciara;0;48;27;Afdeling 18
Sciara;0;43;27;Afdeling 18
Sciara;0;42;27;Afdeling 18
Sciara;0;42;27;Afdeling 18
Sciara;0;40;27;Afdeling 18
Sciara;0;40;27;Afdeling 18
Sciara;0;26;27;Afdeling 18
Sciara;0;26;27;Afdeling 18
Sciara;0;24;27;Afdeling 18
Sciara;0;24;27;Afdeling 18
Sciara;0;23;27;Afdeling 18
Sciara;0;23;27;Afdeling 18
Sciara;0;22;27;Afdeling 18
Sciara;0;9;27;Afdeling 18
Sciara;0;9;27;Afdeling 18
Sciara;0;22;27;Afdeling 18
Sciara;0;47;27;Afdeling 18
Sciara;0;25;27;Afdeling 18
Sciara;0;25;27;Afdeling 18
Sciara;0;42;26;Afdeling 17
Sciara;0;24;26;Afdeling 17
Sciara;0;24;26;Afdeling 17
Sciara;0;43;26;Afdeling 17
Sciara;0;43;26;Afdeling 17
Sciara;0;40;26;Afdeling 17
Sciara;0;24;26;Afdeling 17
Sciara;0;51;26;Afdeling 17
Sciara;0;51;26;Afdeling 17
Sciara;0;48;26;Afdeling 17
Sciara;0;42;26;Afdeling 17
Sciara;0;42;26;Afdeling 17
Sciara;0;26;26;Afdeling 17
Sciara;0;25;26;Afdeling 17
Sciara;0;23;26;Afdeling 17
Sciara;0;23;26;Afdeling 17
Sciara;0;22;26;Afdeling 17
Sciara;0;22;26;Afdeling 17
Sciara;0;23;26;Afdeling 17
Sciara;0;22;26;Afdeling 17
Sciara;0;49;26;Afdeling 17
Sciara;0;51;26;Afdeling 17
Sciara;0;49;26;Afdeling 17
Sciara;0;49;26;Afdeling 17
Sciara;0;43;26;Afdeling 17
Sciara;0;42;26;Afdeling 17
Sciara;0;43;26;Afdeling 17
Sciara;0;40;26;Afdeling 17
Sciara;0;42;26;Afdeling 17
Sciara;0;40;26;Afdeling 17
Sciara;0;40;26;Afdeling 17
Sciara;0;40;26;Afdeling 17
Sciara;0;40;26;Afdeling 17
Sciara;0;26;26;Afdeling 17
Sciara;0;24;26;Afdeling 17
Sciara;0;23;26;Afdeling 17
Sciara;0;18;26;Afdeling 17
Sciara;0;18;26;Afdeling 17
Sciara;0;9;26;Afdeling 17
Sciara;0;9;26;Afdeling 17
Sciara;0;9;26;Afdeling 17
Sciara;0;9;26;Afdeling 17
Sciara;0;48;26;Afdeling 17
Sciara;0;26;26;Afdeling 17
Sciara;0;48;26;Afdeling 17
Sciara;0;48;26;Afdeling 17
Sciara;0;47;26;Afdeling 17
Sciara;0;42;26;Afdeling 17
Sciara;0;26;26;Afdeling 17
Sciara;0;26;26;Afdeling 17
Sciara;0;25;26;Afdeling 17
Sciara;0;26;26;Afdeling 17
Sciara;0;25;26;Afdeling 17
Sciara;0;22;26;Afdeling 17
Sciara;0;25;26;Afdeling 17
Sciara;0;25;26;Afdeling 17
Sciara;0;25;26;Afdeling 17
Sciara;0;48;25;Afdeling 16
Sciara;0;26;25;Afdeling 16
Sciara;0;25;25;Afdeling 16
Sciara;0;49;25;Afdeling 16
Sciara;0;18;25;Afdeling 16
Sciara;0;15;25;Afdeling 16
Sciara;0;51;25;Afdeling 16
Sciara;0;47;25;Afdeling 16
Sciara;0;42;25;Afdeling 16
Sciara;0;40;25;Afdeling 16
Sciara;0;19;25;Afdeling 16
Sciara;0;51;25;Afdeling 16
Sciara;0;51;25;Afdeling 16
Sciara;0;49;25;Afdeling 16
Sciara;0;49;25;Afdeling 16
Sciara;0;49;25;Afdeling 16
Sciara;0;48;25;Afdeling 16
Sciara;0;48;25;Afdeling 16
Sciara;0;43;25;Afdeling 16
Sciara;0;43;25;Afdeling 16
Sciara;0;42;25;Afdeling 16
Sciara;0;42;25;Afdeling 16
Sciara;0;40;25;Afdeling 16
Sciara;0;40;25;Afdeling 16
Sciara;0;40;25;Afdeling 16
Sciara;0;26;25;Afdeling 16
Sciara;0;26;25;Afdeling 16
Sciara;0;24;25;Afdeling 16
Sciara;0;24;25;Afdeling 16
Sciara;0;9;25;Afdeling 16
Sciara;0;9;25;Afdeling 16
Sciara;0;47;25;Afdeling 16
Sciara;0;42;25;Afdeling 16
Sciara;0;47;25;Afdeling 16
Sciara;0;47;25;Afdeling 16
Sciara;0;26;25;Afdeling 16
Sciara;0;25;25;Afdeling 16
Sciara;0;25;25;Afdeling 16
Sciara;0;25;25;Afdeling 16
Sciara;0;40;24;Afdeling 15
Sciara;0;49;24;Afdeling 15
Sciara;0;24;24;Afdeling 15
Sciara;0;24;24;Afdeling 15
Sciara;0;51;24;Afdeling 15
Sciara;0;49;24;Afdeling 15
Sciara;0;48;24;Afdeling 15
Sciara;0;48;24;Afdeling 15
Sciara;0;47;24;Afdeling 15
Sciara;0;47;24;Afdeling 15
Sciara;0;42;24;Afdeling 15
Sciara;0;40;24;Afdeling 15
Sciara;0;42;24;Afdeling 15
Sciara;0;51;24;Afdeling 15
Sciara;0;51;24;Afdeling 15
Sciara;0;49;24;Afdeling 15
Sciara;0;49;24;Afdeling 15
Sciara;0;48;24;Afdeling 15
Sciara;0;48;24;Afdeling 15
Sciara;0;45;24;Afdeling 15
Sciara;0;42;24;Afdeling 15
Sciara;0;40;24;Afdeling 15
Sciara;0;40;24;Afdeling 15
Sciara;0;9;24;Afdeling 15
Sciara;0;9;24;Afdeling 15
Sciara;0;9;24;Afdeling 15
Sciara;0;9;24;Afdeling 15
Sciara;0;47;24;Afdeling 15
Sciara;0;49;23;Afdeling 14
Sciara;0;40;23;Afdeling 14
Sciara;0;40;23;Afdeling 14
Sciara;0;49;23;Afdeling 14
Sciara;0;51;23;Afdeling 14
Sciara;0;51;23;Afdeling 14
Sciara;0;48;23;Afdeling 14
Sciara;0;48;23;Afdeling 14
Sciara;0;47;23;Afdeling 14
Sciara;0;47;23;Afdeling 14
Sciara;0;26;23;Afdeling 14
Sciara;0;19;23;Afdeling 14
Sciara;0;9;23;Afdeling 14
Sciara;0;49;23;Afdeling 14
Sciara;0;48;23;Afdeling 14
Sciara;0;40;23;Afdeling 14
Sciara;0;9;23;Afdeling 14
Sciara;0;51;23;Afdeling 14
Sciara;0;49;23;Afdeling 14
Sciara;0;48;23;Afdeling 14
Sciara;0;47;23;Afdeling 14
Sciara;0;9;23;Afdeling 14
Sciara;0;9;23;Afdeling 14
Sciara;0;47;23;Afdeling 14
Sciara;0;43;22;Afdeling 13
Sciara;0;51;22;Afdeling 13
Sciara;0;49;22;Afdeling 13
Sciara;0;48;22;Afdeling 13
Sciara;0;42;22;Afdeling 13
Sciara;0;40;22;Afdeling 13
Sciara;0;40;22;Afdeling 13
Sciara;0;18;22;Afdeling 13
Sciara;0;9;22;Afdeling 13
Sciara;0;49;22;Afdeling 13
Sciara;0;49;22;Afdeling 13
Sciara;0;42;22;Afdeling 13
Sciara;0;40;22;Afdeling 13
Sciara;0;18;22;Afdeling 13
Sciara;0;51;22;Afdeling 13
Sciara;0;48;22;Afdeling 13
Sciara;0;48;22;Afdeling 13
Sciara;0;47;22;Afdeling 13
Sciara;0;42;22;Afdeling 13
Sciara;0;22;22;Afdeling 13
Sciara;0;19;22;Afdeling 13
Sciara;0;19;22;Afdeling 13
Sciara;0;19;22;Afdeling 13
Sciara;0;9;22;Afdeling 13
Sciara;0;51;22;Afdeling 13
Sciara;0;43;22;Afdeling 13
Sciara;0;42;22;Afdeling 13
Sciara;0;18;22;Afdeling 13
Sciara;0;18;22;Afdeling 13
Sciara;0;9;22;Afdeling 13
Sciara;0;9;22;Afdeling 13
Sciara;0;49;22;Afdeling 13
Sciara;0;48;22;Afdeling 13
Sciara;0;40;22;Afdeling 13
Sciara;0;19;22;Afdeling 13
Sciara;0;49;21;Afdeling 12
Sciara;0;40;21;Afdeling 12
Sciara;0;49;21;Afdeling 12
Sciara;0;43;21;Afdeling 12
Sciara;0;40;21;Afdeling 12
Sciara;0;51;21;Afdeling 12
Sciara;0;51;21;Afdeling 12
Sciara;0;49;21;Afdeling 12
Sciara;0;48;21;Afdeling 12
Sciara;0;48;21;Afdeling 12
Sciara;0;43;21;Afdeling 12
Sciara;0;42;21;Afdeling 12
Sciara;0;42;21;Afdeling 12
Sciara;0;40;21;Afdeling 12
Sciara;0;40;21;Afdeling 12
Sciara;0;20;21;Afdeling 12
Sciara;0;9;21;Afdeling 12
Sciara;0;9;21;Afdeling 12
Sciara;0;51;21;Afdeling 12
Sciara;0;48;21;Afdeling 12
Sciara;0;42;21;Afdeling 12
Sciara;0;51;21;Afdeling 12
Sciara;0;48;21;Afdeling 12
Sciara;0;47;21;Afdeling 12
Sciara;0;47;21;Afdeling 12
Sciara;0;47;21;Afdeling 12
Sciara;0;42;21;Afdeling 12
Sciara;0;20;21;Afdeling 12
Sciara;0;9;21;Afdeling 12
Sciara;0;49;20;Afdeling 11
Sciara;0;21;20;Afdeling 11
Sciara;0;49;20;Afdeling 11
Sciara;0;49;20;Afdeling 11
Sciara;0;51;20;Afdeling 11
Sciara;0;49;20;Afdeling 11
Sciara;0;42;20;Afdeling 11
Sciara;0;51;20;Afdeling 11
Sciara;0;51;20;Afdeling 11
Sciara;0;51;20;Afdeling 11
Sciara;0;48;20;Afdeling 11
Sciara;0;48;20;Afdeling 11
Sciara;0;48;20;Afdeling 11
Sciara;0;48;20;Afdeling 11
Sciara;0;9;20;Afdeling 11
Sciara;0;9;20;Afdeling 11
Sciara;0;47;20;Afdeling 11
Sciara;0;47;20;Afdeling 11
Sciara;0;47;20;Afdeling 11
Sciara;0;47;20;Afdeling 11
Sciara;0;9;20;Afdeling 11
Sciara;0;43;18;Afdeling 10
Sciara;0;42;18;Afdeling 10
Sciara;0;51;18;Afdeling 10
Sciara;0;49;18;Afdeling 10
Sciara;0;49;18;Afdeling 10
Sciara;0;49;18;Afdeling 10
Sciara;0;49;18;Afdeling 10
Sciara;0;48;18;Afdeling 10
Sciara;0;40;18;Afdeling 10
Sciara;0;18;18;Afdeling 10
Sciara;0;18;18;Afdeling 10
Sciara;0;9;18;Afdeling 10
Sciara;0;9;18;Afdeling 10
Sciara;0;48;18;Afdeling 10
Sciara;0;47;18;Afdeling 10
Sciara;0;48;18;Afdeling 10
Sciara;0;47;18;Afdeling 10
Sciara;0;42;18;Afdeling 10
Sciara;0;26;18;Afdeling 10
Sciara;0;20;18;Afdeling 10
Sciara;0;18;18;Afdeling 10
Sciara;0;18;18;Afdeling 10
Sciara;0;9;18;Afdeling 10
Sciara;0;9;18;Afdeling 10
Sciara;0;47;18;Afdeling 10
Sciara;0;43;17;Afdeling 9
Sciara;0;44;17;Afdeling 9
Sciara;0;40;17;Afdeling 9
Sciara;0;48;17;Afdeling 9
Sciara;0;47;17;Afdeling 9
Sciara;0;51;17;Afdeling 9
Sciara;0;44;17;Afdeling 9
Sciara;0;42;17;Afdeling 9
Sciara;0;51;17;Afdeling 9
Sciara;0;51;17;Afdeling 9
Sciara;0;49;17;Afdeling 9
Sciara;0;49;17;Afdeling 9
Sciara;0;49;17;Afdeling 9
Sciara;0;48;17;Afdeling 9
Sciara;0;48;17;Afdeling 9
Sciara;0;43;17;Afdeling 9
Sciara;0;43;17;Afdeling 9
Sciara;0;43;17;Afdeling 9
Sciara;0;42;17;Afdeling 9
Sciara;0;42;17;Afdeling 9
Sciara;0;40;17;Afdeling 9
Sciara;0;40;17;Afdeling 9
Sciara;0;40;17;Afdeling 9
Sciara;0;11;17;Afdeling 9
Sciara;0;6;17;Afdeling 9
Sciara;0;6;17;Afdeling 9
Sciara;0;51;17;Afdeling 9
Sciara;0;11;17;Afdeling 9
Sciara;0;48;17;Afdeling 9
Sciara;0;47;17;Afdeling 9
Sciara;0;47;17;Afdeling 9
Sciara;0;47;17;Afdeling 9
Sciara;0;44;17;Afdeling 9
Sciara;0;44;17;Afdeling 9
Sciara;0;42;17;Afdeling 9
Sciara;0;11;17;Afdeling 9
Sciara;0;11;17;Afdeling 9
Sciara;0;6;17;Afdeling 9
Sciara;0;6;17;Afdeling 9
Sciara;0;4;17;Afdeling 9
Sciara;0;4;17;Afdeling 9
Sciara;0;4;17;Afdeling 9
Sciara;0;4;17;Afdeling 9
Sciara;0;40;16;Afdeling 8
Sciara;0;49;16;Afdeling 8
Sciara;0;44;16;Afdeling 8
Sciara;0;42;16;Afdeling 8
Sciara;0;40;16;Afdeling 8
Sciara;0;51;16;Afdeling 8
Sciara;0;47;16;Afdeling 8
Sciara;0;11;16;Afdeling 8
Sciara;0;51;16;Afdeling 8
Sciara;0;48;16;Afdeling 8
Sciara;0;44;16;Afdeling 8
Sciara;0;42;16;Afdeling 8
Sciara;0;51;16;Afdeling 8
Sciara;0;49;16;Afdeling 8
Sciara;0;49;16;Afdeling 8
Sciara;0;48;16;Afdeling 8
Sciara;0;48;16;Afdeling 8
Sciara;0;44;16;Afdeling 8
Sciara;0;42;16;Afdeling 8
Sciara;0;40;16;Afdeling 8
Sciara;0;27;16;Afdeling 8
Sciara;0;9;16;Afdeling 8
Sciara;0;9;16;Afdeling 8
Sciara;0;9;16;Afdeling 8
Sciara;0;9;16;Afdeling 8
Sciara;0;6;16;Afdeling 8
Sciara;0;6;16;Afdeling 8
Sciara;0;6;16;Afdeling 8
Sciara;0;6;16;Afdeling 8
Sciara;0;11;16;Afdeling 8
Sciara;0;4;16;Afdeling 8
Sciara;0;4;16;Afdeling 8
Sciara;0;47;16;Afdeling 8
Sciara;0;44;16;Afdeling 8
Sciara;0;4;16;Afdeling 8
Sciara;0;4;16;Afdeling 8
Sciara;0;40;15;Afdeling 7
Sciara;0;49;15;Afdeling 7
Sciara;0;51;15;Afdeling 7
Sciara;0;49;15;Afdeling 7
Sciara;0;43;15;Afdeling 7
Sciara;0;42;15;Afdeling 7
Sciara;0;40;15;Afdeling 7
Sciara;0;51;15;Afdeling 7
Sciara;0;51;15;Afdeling 7
Sciara;0;48;15;Afdeling 7
Sciara;0;48;15;Afdeling 7
Sciara;0;47;15;Afdeling 7
Sciara;0;47;15;Afdeling 7
Sciara;0;44;15;Afdeling 7
Sciara;0;44;15;Afdeling 7
Sciara;0;44;15;Afdeling 7
Sciara;0;42;15;Afdeling 7
Sciara;0;42;15;Afdeling 7
Sciara;0;9;15;Afdeling 7
Sciara;0;6;15;Afdeling 7
Sciara;0;4;15;Afdeling 7
Sciara;0;11;15;Afdeling 7
Sciara;0;9;15;Afdeling 7
Sciara;0;6;15;Afdeling 7
Sciara;0;51;15;Afdeling 7
Sciara;0;49;15;Afdeling 7
Sciara;0;49;15;Afdeling 7
Sciara;0;48;15;Afdeling 7
Sciara;0;48;15;Afdeling 7
Sciara;0;47;15;Afdeling 7
Sciara;0;44;15;Afdeling 7
Sciara;0;43;15;Afdeling 7
Sciara;0;42;15;Afdeling 7
Sciara;0;9;15;Afdeling 7
Sciara;0;9;15;Afdeling 7
Sciara;0;6;15;Afdeling 7
Sciara;0;6;15;Afdeling 7
Sciara;0;4;15;Afdeling 7
Sciara;0;47;15;Afdeling 7
Sciara;0;4;15;Afdeling 7
Sciara;0;11;15;Afdeling 7
Sciara;0;4;15;Afdeling 7
Sciara;0;49;14;Afdeling 6
Sciara;0;48;14;Afdeling 6
Sciara;0;51;14;Afdeling 6
Sciara;0;51;14;Afdeling 6
Sciara;0;49;14;Afdeling 6
Sciara;0;49;14;Afdeling 6
Sciara;0;43;14;Afdeling 6
Sciara;0;9;14;Afdeling 6
Sciara;0;6;14;Afdeling 6
Sciara;0;51;14;Afdeling 6
Sciara;0;48;14;Afdeling 6
Sciara;0;47;14;Afdeling 6
Sciara;0;47;14;Afdeling 6
Sciara;0;47;14;Afdeling 6
Sciara;0;44;14;Afdeling 6
Sciara;0;44;14;Afdeling 6
Sciara;0;44;14;Afdeling 6
Sciara;0;44;14;Afdeling 6
Sciara;0;42;14;Afdeling 6
Sciara;0;11;14;Afdeling 6
Sciara;0;11;14;Afdeling 6
Sciara;0;9;14;Afdeling 6
Sciara;0;4;14;Afdeling 6
Sciara;0;11;14;Afdeling 6
Sciara;0;9;14;Afdeling 6
Sciara;0;9;14;Afdeling 6
Sciara;0;6;14;Afdeling 6
Sciara;0;51;14;Afdeling 6
Sciara;0;49;14;Afdeling 6
Sciara;0;48;14;Afdeling 6
Sciara;0;47;14;Afdeling 6
Sciara;0;43;14;Afdeling 6
Sciara;0;11;14;Afdeling 6
Sciara;0;6;14;Afdeling 6
Sciara;0;4;14;Afdeling 6
Sciara;0;4;14;Afdeling 6
Sciara;0;13;14;Afdeling 6
Sciara;0;4;14;Afdeling 6
Sciara;0;49;13;Afdeling 5
Sciara;0;49;13;Afdeling 5
Sciara;0;48;13;Afdeling 5
Sciara;0;40;13;Afdeling 5
Sciara;0;40;13;Afdeling 5
Sciara;0;27;13;Afdeling 5
Sciara;0;27;13;Afdeling 5
Sciara;0;48;13;Afdeling 5
Sciara;0;51;13;Afdeling 5
Sciara;0;48;13;Afdeling 5
Sciara;0;9;13;Afdeling 5
Sciara;0;9;13;Afdeling 5
Sciara;0;6;13;Afdeling 5
Sciara;0;51;13;Afdeling 5
Sciara;0;48;13;Afdeling 5
Sciara;0;47;13;Afdeling 5
Sciara;0;47;13;Afdeling 5
Sciara;0;44;13;Afdeling 5
Sciara;0;6;13;Afdeling 5
Sciara;0;40;13;Afdeling 5
Sciara;0;26;13;Afdeling 5
Sciara;0;17;13;Afdeling 5
Sciara;0;11;13;Afdeling 5
Sciara;0;9;13;Afdeling 5
Sciara;0;9;13;Afdeling 5
Sciara;0;6;13;Afdeling 5
Sciara;0;40;13;Afdeling 5
Sciara;0;6;13;Afdeling 5
Sciara;0;49;12;Afdeling 4
Sciara;0;49;12;Afdeling 4
Sciara;0;49;12;Afdeling 4
Sciara;0;48;12;Afdeling 4
Sciara;0;48;12;Afdeling 4
Sciara;0;40;12;Afdeling 4
Sciara;0;40;12;Afdeling 4
Sciara;0;40;12;Afdeling 4
Sciara;0;9;12;Afdeling 4
Sciara;0;9;12;Afdeling 4
Sciara;0;6;12;Afdeling 4
Sciara;0;47;12;Afdeling 4
Sciara;0;47;12;Afdeling 4
Sciara;0;47;12;Afdeling 4
Sciara;0;47;12;Afdeling 4
Sciara;0;44;12;Afdeling 4
Sciara;0;44;12;Afdeling 4
Sciara;0;44;12;Afdeling 4
Sciara;0;34;12;Afdeling 4
Sciara;0;34;12;Afdeling 4
Sciara;0;23;12;Afdeling 4
Sciara;0;40;12;Afdeling 4
Sciara;0;34;12;Afdeling 4
Sciara;0;44;12;Afdeling 4
Sciara;0;9;12;Afdeling 4
Sciara;0;6;12;Afdeling 4
Sciara;0;51;11;Afdeling 3
Sciara;0;49;11;Afdeling 3
Sciara;0;49;11;Afdeling 3
Sciara;0;49;11;Afdeling 3
Sciara;0;40;11;Afdeling 3
Sciara;0;51;11;Afdeling 3
Sciara;0;49;11;Afdeling 3
Sciara;0;40;11;Afdeling 3
Sciara;0;9;11;Afdeling 3
Sciara;0;6;11;Afdeling 3
Sciara;0;51;11;Afdeling 3
Sciara;0;51;11;Afdeling 3
Sciara;0;48;11;Afdeling 3
Sciara;0;48;11;Afdeling 3
Sciara;0;48;11;Afdeling 3
Sciara;0;48;11;Afdeling 3
Sciara;0;40;11;Afdeling 3
Sciara;0;40;11;Afdeling 3
Sciara;0;11;11;Afdeling 3
Sciara;0;9;11;Afdeling 3
Sciara;0;9;11;Afdeling 3
Sciara;0;13;11;Afdeling 3
Sciara;0;47;11;Afdeling 3
Sciara;0;47;11;Afdeling 3
Sciara;0;44;11;Afdeling 3
Sciara;0;44;11;Afdeling 3
Sciara;0;44;11;Afdeling 3
Sciara;0;13;11;Afdeling 3
Sciara;0;11;11;Afdeling 3
Sciara;0;19;11;Afdeling 3
Sciara;0;44;11;Afdeling 3
Sciara;0;6;11;Afdeling 3
Sciara;0;51;10;Afdeling 2
Sciara;0;51;10;Afdeling 2
Sciara;0;49;10;Afdeling 2
Sciara;0;49;10;Afdeling 2
Sciara;0;49;10;Afdeling 2
Sciara;0;49;10;Afdeling 2
Sciara;0;40;10;Afdeling 2
Sciara;0;40;10;Afdeling 2
Sciara;0;40;10;Afdeling 2
Sciara;0;27;10;Afdeling 2
Sciara;0;9;10;Afdeling 2
Sciara;0;9;10;Afdeling 2
Sciara;0;6;10;Afdeling 2
Sciara;0;6;10;Afdeling 2
Sciara;0;27;10;Afdeling 2
Sciara;0;9;10;Afdeling 2
Sciara;0;51;10;Afdeling 2
Sciara;0;51;10;Afdeling 2
Sciara;0;48;10;Afdeling 2
Sciara;0;48;10;Afdeling 2
Sciara;0;42;10;Afdeling 2
Sciara;0;11;10;Afdeling 2
Sciara;0;11;10;Afdeling 2
Sciara;0;11;10;Afdeling 2
Sciara;0;6;10;Afdeling 2
Sciara;0;6;10;Afdeling 2
Sciara;0;4;10;Afdeling 2
Sciara;0;4;10;Afdeling 2
Sciara;0;47;10;Afdeling 2
Sciara;0;47;10;Afdeling 2
Sciara;0;44;10;Afdeling 2
Sciara;0;4;10;Afdeling 2
Sciara;0;44;10;Afdeling 2
Sciara;0;47;10;Afdeling 2
Sciara;0;47;10;Afdeling 2
Sciara;0;44;10;Afdeling 2
Sciara;0;44;10;Afdeling 2
Sciara;0;13;10;Afdeling 2
Sciara;0;13;10;Afdeling 2
Sciara;0;13;10;Afdeling 2
Sciara;0;4;10;Afdeling 2
Sciara;0;21;9;Afdeling 1
Sciara;0;51;9;Afdeling 1
Sciara;0;51;9;Afdeling 1
Sciara;0;49;9;Afdeling 1
Sciara;0;49;9;Afdeling 1
Sciara;0;49;9;Afdeling 1
Sciara;0;48;9;Afdeling 1
Sciara;0;40;9;Afdeling 1
Sciara;0;27;9;Afdeling 1
Sciara;0;27;9;Afdeling 1
Sciara;0;27;9;Afdeling 1
Sciara;0;27;9;Afdeling 1
Sciara;0;24;9;Afdeling 1
Sciara;0;11;9;Afdeling 1
Sciara;0;9;9;Afdeling 1
Sciara;0;9;9;Afdeling 1
Sciara;0;9;9;Afdeling 1
Sciara;0;9;9;Afdeling 1
Sciara;0;6;9;Afdeling 1
Sciara;0;6;9;Afdeling 1
Sciara;0;48;9;Afdeling 1
Sciara;0;26;9;Afdeling 1
Sciara;0;51;9;Afdeling 1
Sciara;0;48;9;Afdeling 1
Sciara;0;47;9;Afdeling 1
Sciara;0;48;9;Afdeling 1
Sciara;0;47;9;Afdeling 1
Sciara;0;42;9;Afdeling 1
Sciara;0;42;9;Afdeling 1
Sciara;0;25;9;Afdeling 1
Sciara;0;23;9;Afdeling 1
Sciara;0;22;9;Afdeling 1
Sciara;0;11;9;Afdeling 1
Sciara;0;11;9;Afdeling 1
Sciara;0;4;9;Afdeling 1
Sciara;0;4;9;Afdeling 1
Sciara;0;4;9;Afdeling 1
Sciara;0;47;9;Afdeling 1
Sciara;0;13;9;Afdeling 1
Sciara;0;4;9;Afdeling 1
Sciara;0;47;9;Afdeling 1
Sciara;0;44;9;Afdeling 1
Sciara;0;52;27;Afdeling 18
Sciara;0;52;27;Afdeling 18
Sciara;0;52;26;Afdeling 17
Sciara;0;52;26;Afdeling 17
Sciara;0;52;26;Afdeling 17
Sciara;0;52;26;Afdeling 17
Sciara;0;52;26;Afdeling 17
Sciara;0;52;26;Afdeling 17
Sciara;0;52;25;Afdeling 16
Sciara;0;52;25;Afdeling 16
Sciara;0;52;25;Afdeling 16
Sciara;0;52;25;Afdeling 16
Sciara;0;52;24;Afdeling 15
Sciara;0;52;24;Afdeling 15
Sciara;0;52;24;Afdeling 15
Sciara;0;52;24;Afdeling 15
Sciara;0;52;23;Afdeling 14
Sciara;0;52;23;Afdeling 14
Sciara;0;52;23;Afdeling 14
Sciara;0;52;22;Afdeling 13
Sciara;0;52;22;Afdeling 13
Sciara;0;52;22;Afdeling 13
Sciara;0;52;21;Afdeling 12
Sciara;0;52;21;Afdeling 12
Sciara;0;52;21;Afdeling 12
Sciara;0;52;21;Afdeling 12
Sciara;0;52;20;Afdeling 11
Sciara;0;52;20;Afdeling 11
Sciara;0;52;20;Afdeling 11
Sciara;0;52;20;Afdeling 11
Sciara;0;52;18;Afdeling 10
Sciara;0;52;18;Afdeling 10
Sciara;0;52;18;Afdeling 10
Sciara;0;52;18;Afdeling 10
Sciara;0;52;17;Afdeling 9
Sciara;0;52;17;Afdeling 9
Sciara;0;52;17;Afdeling 9
Sciara;0;52;17;Afdeling 9
Sciara;0;52;16;Afdeling 8
Sciara;0;52;16;Afdeling 8
Sciara;0;52;16;Afdeling 8
Sciara;0;52;16;Afdeling 8
Sciara;0;52;15;Afdeling 7
Sciara;0;52;15;Afdeling 7
Sciara;0;52;15;Afdeling 7
Sciara;0;52;14;Afdeling 6
Sciara;0;52;14;Afdeling 6
Sciara;0;52;14;Afdeling 6
Sciara;0;52;14;Afdeling 6
Sciara;0;52;13;Afdeling 5
Sciara;0;52;13;Afdeling 5
Sciara;0;52;13;Afdeling 5
Sciara;0;52;12;Afdeling 4
Sciara;0;52;12;Afdeling 4
Sciara;0;52;12;Afdeling 4
Sciara;0;52;12;Afdeling 4
Sciara;0;52;11;Afdeling 3
Sciara;0;52;11;Afdeling 3
Sciara;0;52;11;Afdeling 3
Sciara;0;52;11;Afdeling 3
Sciara;0;52;10;Afdeling 2
Sciara;0;52;10;Afdeling 2
Sciara;0;52;10;Afdeling 2
Sciara;0;52;10;Afdeling 2
Sciara;0;52;9;Afdeling 1
Sciara;0;52;9;Afdeling 1
Sciara;0;46;27;Afdeling 18
Sciara;0;46;27;Afdeling 18
Sciara;0;46;26;Afdeling 17
Sciara;0;46;26;Afdeling 17
Sciara;0;46;26;Afdeling 17
Sciara;0;46;26;Afdeling 17
Sciara;0;46;25;Afdeling 16
Sciara;0;46;25;Afdeling 16
Sciara;0;46;24;Afdeling 15
Sciara;0;46;24;Afdeling 15
Sciara;0;46;24;Afdeling 15
Sciara;0;46;24;Afdeling 15
Sciara;0;46;23;Afdeling 14
Sciara;0;46;23;Afdeling 14
Sciara;0;46;23;Afdeling 14
Sciara;0;46;23;Afdeling 14
Sciara;0;46;22;Afdeling 13
Sciara;0;46;22;Afdeling 13
Sciara;0;46;22;Afdeling 13
Sciara;0;46;22;Afdeling 13
Sciara;0;46;21;Afdeling 12
Sciara;0;46;21;Afdeling 12
Sciara;0;46;21;Afdeling 12
Sciara;0;46;21;Afdeling 12
Sciara;0;46;20;Afdeling 11
Sciara;0;46;20;Afdeling 11
Sciara;0;46;20;Afdeling 11
Sciara;0;46;20;Afdeling 11
Sciara;0;46;18;Afdeling 10
Sciara;0;46;18;Afdeling 10
Sciara;0;46;18;Afdeling 10
Sciara;0;46;18;Afdeling 10
Sciara;0;46;17;Afdeling 9
Sciara;0;46;17;Afdeling 9
Sciara;0;46;17;Afdeling 9
Sciara;0;46;17;Afdeling 9
Sciara;0;46;16;Afdeling 8
Sciara;0;46;16;Afdeling 8
Sciara;0;46;16;Afdeling 8
Sciara;0;46;16;Afdeling 8
Sciara;0;46;15;Afdeling 7
Sciara;0;46;15;Afdeling 7
Sciara;0;46;15;Afdeling 7
Sciara;0;46;15;Afdeling 7
Sciara;0;46;14;Afdeling 6
Sciara;0;46;14;Afdeling 6
Sciara;0;46;14;Afdeling 6
Sciara;0;46;13;Afdeling 5
Sciara;0;46;13;Afdeling 5
Sciara;0;46;13;Afdeling 5
Sciara;0;46;12;Afdeling 4
Sciara;0;46;12;Afdeling 4
Sciara;0;46;12;Afdeling 4
Sciara;0;46;12;Afdeling 4
Sciara;0;46;11;Afdeling 3
Sciara;0;46;11;Afdeling 3
Sciara;0;46;11;Afdeling 3
Sciara;0;46;11;Afdeling 3
Sciara;0;46;10;Afdeling 2
Sciara;0;46;10;Afdeling 2
Sciara;0;46;10;Afdeling 2
Sciara;0;46;9;Afdeling 1
Sciara;0;46;9;Afdeling 1
Sciara;0;46;9;Afdeling 1
Sciara;0;46;9;Afdeling 1
Sciara;0;50;27;Afdeling 18
Sciara;0;50;26;Afdeling 17
Sciara;0;50;26;Afdeling 17
Sciara;0;50;26;Afdeling 17
Sciara;0;50;25;Afdeling 16
Sciara;0;50;25;Afdeling 16
Sciara;0;50;25;Afdeling 16
Sciara;0;50;25;Afdeling 16
Sciara;0;50;24;Afdeling 15
Sciara;0;50;24;Afdeling 15
Sciara;0;50;23;Afdeling 14
Sciara;0;50;23;Afdeling 14
Sciara;0;50;23;Afdeling 14
Sciara;0;50;23;Afdeling 14
Sciara;0;50;22;Afdeling 13
Sciara;0;50;22;Afdeling 13
Sciara;0;50;22;Afdeling 13
Sciara;0;50;22;Afdeling 13
Sciara;0;50;21;Afdeling 12
Sciara;0;50;21;Afdeling 12
Sciara;0;50;21;Afdeling 12
Sciara;0;50;21;Afdeling 12
Sciara;0;50;20;Afdeling 11
Sciara;0;50;20;Afdeling 11
Sciara;0;50;20;Afdeling 11
Sciara;0;50;20;Afdeling 11
Sciara;0;50;18;Afdeling 10
Sciara;0;50;18;Afdeling 10
Sciara;0;50;18;Afdeling 10
Sciara;0;50;17;Afdeling 9
Sciara;0;50;17;Afdeling 9
Sciara;0;50;17;Afdeling 9
Sciara;0;50;17;Afdeling 9
Sciara;0;50;16;Afdeling 8
Sciara;0;50;16;Afdeling 8
Sciara;0;50;16;Afdeling 8
Sciara;0;50;16;Afdeling 8
Sciara;0;50;15;Afdeling 7
Sciara;0;50;15;Afdeling 7
Sciara;0;50;15;Afdeling 7
Sciara;0;50;15;Afdeling 7
Sciara;0;50;14;Afdeling 6
Sciara;0;50;14;Afdeling 6
Sciara;0;50;14;Afdeling 6
Sciara;0;50;14;Afdeling 6
Sciara;0;50;13;Afdeling 5
Sciara;0;50;13;Afdeling 5
Sciara;0;50;13;Afdeling 5
Sciara;0;50;13;Afdeling 5
Sciara;0;50;12;Afdeling 4
Sciara;0;50;12;Afdeling 4
Sciara;0;50;12;Afdeling 4
Sciara;0;50;12;Afdeling 4
Sciara;0;50;11;Afdeling 3
Sciara;0;50;11;Afdeling 3
Sciara;0;50;11;Afdeling 3
Sciara;0;50;11;Afdeling 3
Sciara;0;50;10;Afdeling 2
Sciara;0;50;10;Afdeling 2
Sciara;0;50;10;Afdeling 2
Sciara;0;50;10;Afdeling 2
Sciara;0;50;9;Afdeling 1
Sciara;0;50;9;Afdeling 1
Sciara;0;50;9;Afdeling 1
Sciara;0;50;9;Afdeling 1
Sciara;2;25;10;Afdeling 2
Sciara;2;11;9;Afdeling 1
Sciara;2;42;9;Afdeling 1
Sciara;2;52;9;Afdeling 1
Sciara;2;6;9;Afdeling 1
Sciara;2;17;9;Afdeling 1
Sciara;2;13;9;Afdeling 1
Sciara;4;43;27;Afdeling 18
Sciara;4;11;27;Afdeling 18
Sciara;4;4;26;Afdeling 17
Sciara;4;18;26;Afdeling 17
Sciara;4;11;26;Afdeling 17
Sciara;4;9;26;Afdeling 17
Sciara;4;24;25;Afdeling 16
Sciara;4;23;25;Afdeling 16
Sciara;4;22;25;Afdeling 16
Sciara;4;16;25;Afdeling 16
Sciara;4;17;25;Afdeling 16
Sciara;4;17;24;Afdeling 15
Sciara;4;16;24;Afdeling 15
Sciara;4;13;24;Afdeling 15
Sciara;4;26;24;Afdeling 15
Sciara;4;17;24;Afdeling 15
Sciara;4;15;24;Afdeling 15
Sciara;4;11;24;Afdeling 15
Sciara;4;33;23;Afdeling 14
Sciara;4;27;23;Afdeling 14
Sciara;4;23;23;Afdeling 14
Sciara;4;17;23;Afdeling 14
Sciara;4;16;23;Afdeling 14
Sciara;4;11;23;Afdeling 14
Sciara;4;17;23;Afdeling 14
Sciara;4;11;23;Afdeling 14
Sciara;4;23;23;Afdeling 14
Sciara;4;17;23;Afdeling 14
Sciara;4;15;23;Afdeling 14
Sciara;4;16;23;Afdeling 14
Sciara;4;23;22;Afdeling 13
Sciara;4;31;22;Afdeling 13
Sciara;4;18;21;Afdeling 12
Sciara;4;31;21;Afdeling 12
Sciara;4;31;21;Afdeling 12
Sciara;4;7;21;Afdeling 12
Sciara;4;17;21;Afdeling 12
Sciara;4;9;21;Afdeling 12
Sciara;4;29;20;Afdeling 11
Sciara;4;23;20;Afdeling 11
Sciara;4;18;20;Afdeling 11
Sciara;4;17;20;Afdeling 11
Sciara;4;9;20;Afdeling 11
Sciara;4;25;20;Afdeling 11
Sciara;4;22;20;Afdeling 11
Sciara;4;14;20;Afdeling 11
Sciara;4;33;18;Afdeling 10
Sciara;4;43;18;Afdeling 10
Sciara;4;33;18;Afdeling 10
Sciara;4;16;18;Afdeling 10
Sciara;4;43;16;Afdeling 8
Sciara;4;43;16;Afdeling 8
Sciara;4;40;16;Afdeling 8
Sciara;4;18;16;Afdeling 8
Sciara;4;15;16;Afdeling 8
Sciara;4;17;16;Afdeling 8
Sciara;4;31;16;Afdeling 8
Sciara;4;26;16;Afdeling 8
Sciara;4;25;16;Afdeling 8
Sciara;4;25;16;Afdeling 8
Sciara;4;23;16;Afdeling 8
Sciara;4;13;16;Afdeling 8
Sciara;4;24;15;Afdeling 7
Sciara;4;29;15;Afdeling 7
Sciara;4;24;15;Afdeling 7
Sciara;4;16;15;Afdeling 7
Sciara;4;13;15;Afdeling 7
Sciara;4;40;14;Afdeling 6
Sciara;4;32;14;Afdeling 6
Sciara;4;26;14;Afdeling 6
Sciara;4;24;14;Afdeling 6
Sciara;4;23;14;Afdeling 6
Sciara;4;34;14;Afdeling 6
Sciara;4;13;14;Afdeling 6
Sciara;4;18;13;Afdeling 5
Sciara;4;43;12;Afdeling 4
Sciara;4;51;12;Afdeling 4
Sciara;4;42;12;Afdeling 4
Sciara;4;24;12;Afdeling 4
Sciara;4;18;12;Afdeling 4
Sciara;4;11;12;Afdeling 4
Sciara;4;23;12;Afdeling 4
Sciara;4;22;12;Afdeling 4
Sciara;4;19;12;Afdeling 4
Sciara;4;17;12;Afdeling 4
Sciara;4;11;12;Afdeling 4
Sciara;4;16;12;Afdeling 4
Sciara;4;14;12;Afdeling 4
Sciara;4;15;11;Afdeling 3
Sciara;4;24;11;Afdeling 3
Sciara;4;27;11;Afdeling 3
Sciara;4;18;11;Afdeling 3
Sciara;4;24;11;Afdeling 3
Sciara;4;25;11;Afdeling 3
Sciara;4;23;11;Afdeling 3
Sciara;4;43;10;Afdeling 2
Sciara;4;43;10;Afdeling 2
Sciara;4;27;10;Afdeling 2
Sciara;4;18;10;Afdeling 2
Sciara;4;15;10;Afdeling 2
Sciara;4;32;10;Afdeling 2
Sciara;4;33;10;Afdeling 2
Sciara;4;24;10;Afdeling 2
Sciara;4;23;10;Afdeling 2
Sciara;4;23;10;Afdeling 2
Sciara;4;25;10;Afdeling 2
Sciara;4;14;10;Afdeling 2
Sciara;4;43;9;Afdeling 1
Sciara;4;52;9;Afdeling 1
Sciara;4;32;9;Afdeling 1
Sciara;4;17;9;Afdeling 1
Sciara;4;15;9;Afdeling 1
Sciara;4;44;9;Afdeling 1
Sciara;4;44;9;Afdeling 1
Sciara;4;34;9;Afdeling 1
Sciara;4;32;9;Afdeling 1
Sciara;4;26;9;Afdeling 1
Sciara;4;22;9;Afdeling 1
Sciara;4;16;9;Afdeling 1
Sciara;4;25;9;Afdeling 1
Sciara;3;33;27;Afdeling 18
Sciara;3;47;27;Afdeling 18
Sciara;3;31;27;Afdeling 18
Sciara;3;33;26;Afdeling 17
Sciara;3;33;26;Afdeling 17
Sciara;3;7;26;Afdeling 17
Sciara;3;43;25;Afdeling 16
Sciara;3;15;25;Afdeling 16
Sciara;3;17;25;Afdeling 16
Sciara;3;31;25;Afdeling 16
Sciara;3;18;25;Afdeling 16
Sciara;3;17;25;Afdeling 16
Sciara;3;15;24;Afdeling 15
Sciara;3;23;24;Afdeling 15
Sciara;3;42;24;Afdeling 15
Sciara;3;33;24;Afdeling 15
Sciara;3;15;23;Afdeling 14
Sciara;3;18;23;Afdeling 14
Sciara;3;18;23;Afdeling 14
Sciara;3;14;23;Afdeling 14
Sciara;3;24;22;Afdeling 13
Sciara;3;43;22;Afdeling 13
Sciara;3;29;22;Afdeling 13
Sciara;3;43;21;Afdeling 12
Sciara;3;18;21;Afdeling 12
Sciara;3;31;21;Afdeling 12
Sciara;3;17;21;Afdeling 12
Sciara;3;7;21;Afdeling 12
Sciara;3;24;20;Afdeling 11
Sciara;3;33;20;Afdeling 11
Sciara;3;24;20;Afdeling 11
Sciara;3;23;20;Afdeling 11
Sciara;3;25;20;Afdeling 11
Sciara;3;16;20;Afdeling 11
Sciara;3;17;20;Afdeling 11
Sciara;3;40;18;Afdeling 10
Sciara;3;33;18;Afdeling 10
Sciara;3;6;18;Afdeling 10
Sciara;3;17;18;Afdeling 10
Sciara;3;17;17;Afdeling 9
Sciara;3;15;17;Afdeling 9
Sciara;3;16;17;Afdeling 9
Sciara;3;13;17;Afdeling 9
Sciara;3;13;17;Afdeling 9
Sciara;3;15;16;Afdeling 8
Sciara;3;17;16;Afdeling 8
Sciara;3;16;16;Afdeling 8
Sciara;3;43;15;Afdeling 7
Sciara;3;29;15;Afdeling 7
Sciara;3;18;15;Afdeling 7
Sciara;3;16;15;Afdeling 7
Sciara;3;14;15;Afdeling 7
Sciara;3;17;15;Afdeling 7
Sciara;3;32;15;Afdeling 7
Sciara;3;23;15;Afdeling 7
Sciara;3;29;15;Afdeling 7
Sciara;3;16;15;Afdeling 7
Sciara;3;13;15;Afdeling 7
Sciara;3;14;15;Afdeling 7
Sciara;3;33;14;Afdeling 6
Sciara;3;40;14;Afdeling 6
Sciara;3;29;14;Afdeling 6
Sciara;3;18;14;Afdeling 6
Sciara;3;17;14;Afdeling 6
Sciara;3;16;14;Afdeling 6
Sciara;3;18;14;Afdeling 6
Sciara;3;23;14;Afdeling 6
Sciara;3;17;14;Afdeling 6
Sciara;3;31;14;Afdeling 6
Sciara;3;31;14;Afdeling 6
Sciara;3;31;14;Afdeling 6
Sciara;3;42;13;Afdeling 5
Sciara;3;18;13;Afdeling 5
Sciara;3;6;12;Afdeling 4
Sciara;3;25;12;Afdeling 4
Sciara;3;13;12;Afdeling 4
Sciara;3;18;11;Afdeling 3
Sciara;3;24;11;Afdeling 3
Sciara;3;17;11;Afdeling 3
Sciara;3;42;11;Afdeling 3
Sciara;3;26;11;Afdeling 3
Sciara;3;26;11;Afdeling 3
Sciara;3;26;11;Afdeling 3
Sciara;3;14;11;Afdeling 3
Sciara;3;11;11;Afdeling 3
Sciara;3;6;11;Afdeling 3
Sciara;3;25;11;Afdeling 3
Sciara;3;34;11;Afdeling 3
Sciara;3;43;10;Afdeling 2
Sciara;3;42;10;Afdeling 2
Sciara;3;18;10;Afdeling 2
Sciara;3;9;10;Afdeling 2
Sciara;3;18;10;Afdeling 2
Sciara;3;45;10;Afdeling 2
Sciara;3;33;10;Afdeling 2
Sciara;3;24;10;Afdeling 2
Sciara;3;43;9;Afdeling 1
Sciara;3;43;9;Afdeling 1
Sciara;3;18;9;Afdeling 1
Sciara;3;51;9;Afdeling 1
Sciara;3;17;9;Afdeling 1
Sciara;3;17;9;Afdeling 1
Sciara;3;13;9;Afdeling 1
Sciara;3;14;9;Afdeling 1
Sciara;3;13;9;Afdeling 1
Sciara;3;25;9;Afdeling 1
Sciara;8;18;27;Afdeling 18
Sciara;8;6;26;Afdeling 17
Sciara;8;22;25;Afdeling 16
Sciara;8;16;25;Afdeling 16
Sciara;8;18;24;Afdeling 15
Sciara;8;43;24;Afdeling 15
Sciara;8;26;24;Afdeling 15
Sciara;8;23;24;Afdeling 15
Sciara;8;33;24;Afdeling 15
Sciara;8;23;24;Afdeling 15
Sciara;8;29;23;Afdeling 14
Sciara;8;18;23;Afdeling 14
Sciara;8;25;23;Afdeling 14
Sciara;8;27;22;Afdeling 13
Sciara;8;27;22;Afdeling 13
Sciara;8;24;21;Afdeling 12
Sciara;8;25;21;Afdeling 12
Sciara;8;15;21;Afdeling 12
Sciara;8;18;21;Afdeling 12
Sciara;8;16;21;Afdeling 12
Sciara;8;40;20;Afdeling 11
Sciara;8;27;20;Afdeling 11
Sciara;8;42;20;Afdeling 11
Sciara;8;26;20;Afdeling 11
Sciara;8;24;20;Afdeling 11
Sciara;8;15;18;Afdeling 10
Sciara;8;16;18;Afdeling 10
Sciara;8;14;18;Afdeling 10
Sciara;8;23;17;Afdeling 9
Sciara;8;17;17;Afdeling 9
Sciara;8;16;17;Afdeling 9
Sciara;8;22;17;Afdeling 9
Sciara;8;25;17;Afdeling 9
Sciara;8;22;17;Afdeling 9
Sciara;8;19;17;Afdeling 9
Sciara;8;22;17;Afdeling 9
Sciara;8;43;16;Afdeling 8
Sciara;8;24;16;Afdeling 8
Sciara;8;26;16;Afdeling 8
Sciara;8;19;16;Afdeling 8
Sciara;8;25;16;Afdeling 8
Sciara;8;11;15;Afdeling 7
Sciara;8;25;15;Afdeling 7
Sciara;8;22;15;Afdeling 7
Sciara;8;34;14;Afdeling 6
Sciara;8;25;14;Afdeling 6
Sciara;8;27;14;Afdeling 6
Sciara;8;22;14;Afdeling 6
Sciara;8;43;13;Afdeling 5
Sciara;8;42;13;Afdeling 5
Sciara;8;26;13;Afdeling 5
Sciara;8;13;13;Afdeling 5
Sciara;8;42;13;Afdeling 5
Sciara;8;51;12;Afdeling 4
Sciara;8;42;12;Afdeling 4
Sciara;8;29;12;Afdeling 4
Sciara;8;15;12;Afdeling 4
Sciara;8;18;12;Afdeling 4
Sciara;8;16;12;Afdeling 4
Sciara;8;27;11;Afdeling 3
Sciara;8;9;11;Afdeling 3
Sciara;8;6;11;Afdeling 3
Sciara;8;42;11;Afdeling 3
Sciara;8;19;11;Afdeling 3
Sciara;8;15;11;Afdeling 3
Sciara;8;24;11;Afdeling 3
Sciara;8;27;10;Afdeling 2
Sciara;8;42;10;Afdeling 2
Sciara;8;26;10;Afdeling 2
Sciara;8;26;10;Afdeling 2
Sciara;8;22;10;Afdeling 2
Sciara;8;33;9;Afdeling 1
Sciara;8;22;9;Afdeling 1
Sciara;5;43;25;Afdeling 16
Sciara;5;15;25;Afdeling 16
Sciara;5;9;25;Afdeling 16
Sciara;5;27;24;Afdeling 15
Sciara;5;11;24;Afdeling 15
Sciara;5;33;23;Afdeling 14
Sciara;5;26;23;Afdeling 14
Sciara;5;26;23;Afdeling 14
Sciara;5;43;22;Afdeling 13
Sciara;5;31;22;Afdeling 13
Sciara;5;22;22;Afdeling 13
Sciara;5;26;21;Afdeling 12
Sciara;5;26;21;Afdeling 12
Sciara;5;23;21;Afdeling 12
Sciara;5;14;21;Afdeling 12
Sciara;5;14;21;Afdeling 12
Sciara;5;27;20;Afdeling 11
Sciara;5;42;20;Afdeling 11
Sciara;5;26;20;Afdeling 11
Sciara;5;18;20;Afdeling 11
Sciara;5;6;20;Afdeling 11
Sciara;5;14;20;Afdeling 11
Sciara;5;19;20;Afdeling 11
Sciara;5;22;20;Afdeling 11
Sciara;5;18;20;Afdeling 11
Sciara;5;23;20;Afdeling 11
Sciara;5;40;18;Afdeling 10
Sciara;5;16;18;Afdeling 10
Sciara;5;7;18;Afdeling 10
Sciara;5;26;17;Afdeling 9
Sciara;5;26;17;Afdeling 9
Sciara;5;15;17;Afdeling 9
Sciara;5;22;17;Afdeling 9
Sciara;5;26;16;Afdeling 8
Sciara;5;14;16;Afdeling 8
Sciara;5;26;16;Afdeling 8
Sciara;5;11;16;Afdeling 8
Sciara;5;29;16;Afdeling 8
Sciara;5;13;16;Afdeling 8
Sciara;5;27;15;Afdeling 7
Sciara;5;18;15;Afdeling 7
Sciara;5;15;15;Afdeling 7
Sciara;5;23;15;Afdeling 7
Sciara;5;25;15;Afdeling 7
Sciara;5;18;14;Afdeling 6
Sciara;5;29;14;Afdeling 6
Sciara;5;32;14;Afdeling 6
Sciara;5;26;14;Afdeling 6
Sciara;5;16;14;Afdeling 6
Sciara;5;16;14;Afdeling 6
Sciara;5;43;12;Afdeling 4
Sciara;5;17;12;Afdeling 4
Sciara;5;43;12;Afdeling 4
Sciara;5;31;12;Afdeling 4
Sciara;5;11;12;Afdeling 4
Sciara;5;42;11;Afdeling 3
Sciara;5;23;11;Afdeling 3
Sciara;5;25;11;Afdeling 3
Sciara;5;23;11;Afdeling 3
Sciara;5;24;10;Afdeling 2
Sciara;5;29;10;Afdeling 2
Sciara;5;23;10;Afdeling 2
Sciara;5;16;10;Afdeling 2
Sciara;5;19;9;Afdeling 1
Sciara;5;26;9;Afdeling 1
Sciara;5;15;9;Afdeling 1
Sciara;5;32;9;Afdeling 1
Sciara;5;26;9;Afdeling 1
Sciara;5;34;9;Afdeling 1
Sciara;5;16;9;Afdeling 1
Sciara;6;17;27;Afdeling 18
Sciara;6;24;26;Afdeling 17
Sciara;6;4;26;Afdeling 17
Sciara;6;16;25;Afdeling 16
Sciara;6;18;24;Afdeling 15
Sciara;6;43;24;Afdeling 15
Sciara;6;23;24;Afdeling 15
Sciara;6;22;24;Afdeling 15
Sciara;6;18;24;Afdeling 15
Sciara;6;16;24;Afdeling 15
Sciara;6;31;23;Afdeling 14
Sciara;6;25;23;Afdeling 14
Sciara;6;23;23;Afdeling 14
Sciara;6;16;23;Afdeling 14
Sciara;6;31;21;Afdeling 12
Sciara;6;22;21;Afdeling 12
Sciara;6;17;21;Afdeling 12
Sciara;6;16;21;Afdeling 12
Sciara;6;16;21;Afdeling 12
Sciara;6;15;21;Afdeling 12
Sciara;6;23;20;Afdeling 11
Sciara;6;15;20;Afdeling 11
Sciara;6;17;20;Afdeling 11
Sciara;6;43;18;Afdeling 10
Sciara;6;43;18;Afdeling 10
Sciara;6;15;18;Afdeling 10
Sciara;6;31;17;Afdeling 9
Sciara;6;18;17;Afdeling 9
Sciara;6;18;17;Afdeling 9
Sciara;6;18;16;Afdeling 8
Sciara;6;16;16;Afdeling 8
Sciara;6;23;16;Afdeling 8
Sciara;6;22;16;Afdeling 8
Sciara;6;16;16;Afdeling 8
Sciara;6;25;16;Afdeling 8
Sciara;6;23;15;Afdeling 7
Sciara;6;18;15;Afdeling 7
Sciara;6;24;14;Afdeling 6
Sciara;6;26;14;Afdeling 6
Sciara;6;14;14;Afdeling 6
Sciara;6;25;14;Afdeling 6
Sciara;6;13;13;Afdeling 5
Sciara;6;27;13;Afdeling 5
Sciara;6;43;12;Afdeling 4
Sciara;6;18;12;Afdeling 4
Sciara;6;9;12;Afdeling 4
Sciara;6;14;12;Afdeling 4
Sciara;6;13;12;Afdeling 4
Sciara;6;26;12;Afdeling 4
Sciara;6;25;12;Afdeling 4
Sciara;6;13;12;Afdeling 4
Sciara;6;18;12;Afdeling 4
Sciara;6;17;12;Afdeling 4
Sciara;6;24;12;Afdeling 4
Sciara;6;43;11;Afdeling 3
Sciara;6;27;11;Afdeling 3
Sciara;6;27;11;Afdeling 3
Sciara;6;34;11;Afdeling 3
Sciara;6;25;11;Afdeling 3
Sciara;6;24;10;Afdeling 2
Sciara;6;15;10;Afdeling 2
Sciara;6;26;10;Afdeling 2
Sciara;6;34;10;Afdeling 2
Sciara;6;23;9;Afdeling 1
Sciara;6;22;9;Afdeling 1
Sciara;38;21;27;Afdeling 18
Sciara;100;21;27;Afdeling 18
Sciara;36;21;26;Afdeling 17
Sciara;67;21;26;Afdeling 17
Sciara;43;21;26;Afdeling 17
Sciara;56;21;26;Afdeling 17
Sciara;48;21;25;Afdeling 16
Sciara;20;21;25;Afdeling 16
Sciara;36;21;25;Afdeling 16
Sciara;32;21;25;Afdeling 16
Sciara;47;21;24;Afdeling 15
Sciara;40;21;24;Afdeling 15
Sciara;32;21;24;Afdeling 15
Sciara;28;21;24;Afdeling 15
Sciara;47;21;23;Afdeling 14
Sciara;45;21;23;Afdeling 14
Sciara;39;21;23;Afdeling 14
Sciara;40;21;23;Afdeling 14
Sciara;46;21;22;Afdeling 13
Sciara;16;21;22;Afdeling 13
Sciara;35;21;22;Afdeling 13
Sciara;28;21;22;Afdeling 13
Sciara;43;21;21;Afdeling 12
Sciara;11;21;21;Afdeling 12
Sciara;28;21;21;Afdeling 12
Sciara;38;21;21;Afdeling 12
Sciara;12;21;20;Afdeling 11
Sciara;25;21;20;Afdeling 11
Sciara;31;21;20;Afdeling 11
Sciara;56;21;18;Afdeling 10
Sciara;45;21;18;Afdeling 10
Sciara;31;21;18;Afdeling 10
Sciara;68;21;18;Afdeling 10
Sciara;32;21;17;Afdeling 9
Sciara;27;21;17;Afdeling 9
Sciara;53;21;17;Afdeling 9
Sciara;20;21;17;Afdeling 9
Sciara;21;21;16;Afdeling 8
Sciara;22;21;16;Afdeling 8
Sciara;30;21;16;Afdeling 8
Sciara;36;21;16;Afdeling 8
Sciara;11;21;15;Afdeling 7
Sciara;14;21;15;Afdeling 7
Sciara;15;21;15;Afdeling 7
Sciara;9;21;15;Afdeling 7
Sciara;9;21;14;Afdeling 6
Sciara;29;21;14;Afdeling 6
Sciara;16;21;14;Afdeling 6
Sciara;23;21;14;Afdeling 6
Sciara;32;21;13;Afdeling 5
Sciara;32;21;13;Afdeling 5
Sciara;28;21;13;Afdeling 5
Sciara;13;21;13;Afdeling 5
Sciara;24;21;12;Afdeling 4
Sciara;44;21;12;Afdeling 4
Sciara;13;21;12;Afdeling 4
Sciara;28;21;12;Afdeling 4
Sciara;36;21;11;Afdeling 3
Sciara;61;21;11;Afdeling 3
Sciara;23;21;11;Afdeling 3
Sciara;40;21;11;Afdeling 3
Sciara;41;21;10;Afdeling 2
Sciara;13;21;10;Afdeling 2
Sciara;34;21;10;Afdeling 2
Sciara;15;21;10;Afdeling 2
Sciara;42;21;9;Afdeling 1
Sciara;27;21;9;Afdeling 1
Sciara;25;21;9;Afdeling 1
Sciara;100;20;27;Afdeling 18
Sciara;100;20;27;Afdeling 18
Sciara;100;20;26;Afdeling 17
Sciara;100;20;26;Afdeling 17
Sciara;100;20;26;Afdeling 17
Sciara;100;20;26;Afdeling 17
Sciara;100;20;25;Afdeling 16
Sciara;100;20;25;Afdeling 16
Sciara;100;20;25;Afdeling 16
Sciara;100;20;25;Afdeling 16
Sciara;58;20;24;Afdeling 15
Sciara;37;20;24;Afdeling 15
Sciara;31;20;24;Afdeling 15
Sciara;46;20;24;Afdeling 15
Sciara;100;20;23;Afdeling 14
Sciara;30;20;23;Afdeling 14
Sciara;37;20;23;Afdeling 14
Sciara;100;20;23;Afdeling 14
Sciara;37;20;22;Afdeling 13
Sciara;55;20;22;Afdeling 13
Sciara;43;20;22;Afdeling 13
Sciara;70;20;22;Afdeling 13
Sciara;100;20;21;Afdeling 12
Sciara;57;20;21;Afdeling 12
Sciara;100;20;20;Afdeling 11
Sciara;45;20;20;Afdeling 11
Sciara;47;20;20;Afdeling 11
Sciara;44;20;20;Afdeling 11
Sciara;39;20;18;Afdeling 10
Sciara;100;20;18;Afdeling 10
Sciara;39;20;18;Afdeling 10
Sciara;57;20;17;Afdeling 9
Sciara;100;20;17;Afdeling 9
Sciara;100;20;17;Afdeling 9
Sciara;44;20;17;Afdeling 9
Sciara;100;20;16;Afdeling 8
Sciara;41;20;16;Afdeling 8
Sciara;63;20;16;Afdeling 8
Sciara;51;20;16;Afdeling 8
Sciara;100;20;15;Afdeling 7
Sciara;45;20;15;Afdeling 7
Sciara;45;20;15;Afdeling 7
Sciara;49;20;15;Afdeling 7
Sciara;100;20;14;Afdeling 6
Sciara;100;20;14;Afdeling 6
Sciara;100;20;14;Afdeling 6
Sciara;80;20;14;Afdeling 6
Sciara;57;20;13;Afdeling 5
Sciara;43;20;13;Afdeling 5
Sciara;63;20;13;Afdeling 5
Sciara;50;20;13;Afdeling 5
Sciara;85;20;12;Afdeling 4
Sciara;70;20;12;Afdeling 4
Sciara;100;20;12;Afdeling 4
Sciara;74;20;12;Afdeling 4
Sciara;100;20;11;Afdeling 3
Sciara;66;20;11;Afdeling 3
Sciara;55;20;11;Afdeling 3
Sciara;100;20;11;Afdeling 3
Sciara;62;20;10;Afdeling 2
Sciara;46;20;10;Afdeling 2
Sciara;30;20;10;Afdeling 2
Sciara;43;20;10;Afdeling 2
Sciara;100;20;9;Afdeling 1
Sciara;53;20;9;Afdeling 1
Sciara;100;20;9;Afdeling 1
Sciara;100;20;9;Afdeling 1
Sciara;9;33;27;Afdeling 18
Sciara;75;29;27;Afdeling 18
Sciara;100;29;27;Afdeling 18
Sciara;43;19;27;Afdeling 18
Sciara;20;18;27;Afdeling 18
Sciara;9;17;27;Afdeling 18
Sciara;66;19;27;Afdeling 18
Sciara;100;16;27;Afdeling 18
Sciara;100;16;27;Afdeling 18
Sciara;12;24;26;Afdeling 17
Sciara;11;23;26;Afdeling 17
Sciara;11;18;26;Afdeling 17
Sciara;20;22;26;Afdeling 17
Sciara;39;19;26;Afdeling 17
Sciara;24;19;26;Afdeling 17
Sciara;35;11;26;Afdeling 17
Sciara;9;7;26;Afdeling 17
Sciara;11;18;26;Afdeling 17
Sciara;25;6;26;Afdeling 17
Sciara;13;23;26;Afdeling 17
Sciara;25;22;26;Afdeling 17
Sciara;16;19;26;Afdeling 17
Sciara;7;11;26;Afdeling 17
Sciara;12;7;26;Afdeling 17
Sciara;32;19;26;Afdeling 17
Sciara;7;24;25;Afdeling 16
Sciara;14;23;25;Afdeling 16
Sciara;7;16;25;Afdeling 16
Sciara;11;23;25;Afdeling 16
Sciara;9;23;25;Afdeling 16
Sciara;10;18;25;Afdeling 16
Sciara;7;17;25;Afdeling 16
Sciara;12;15;25;Afdeling 16
Sciara;14;22;25;Afdeling 16
Sciara;15;19;25;Afdeling 16
Sciara;11;22;25;Afdeling 16
Sciara;16;19;25;Afdeling 16
Sciara;16;19;25;Afdeling 16
Sciara;15;43;24;Afdeling 15
Sciara;9;29;24;Afdeling 15
Sciara;14;29;24;Afdeling 15
Sciara;7;26;24;Afdeling 15
Sciara;14;25;24;Afdeling 15
Sciara;10;25;24;Afdeling 15
Sciara;9;22;24;Afdeling 15
Sciara;9;22;24;Afdeling 15
Sciara;21;19;24;Afdeling 15
Sciara;12;19;24;Afdeling 15
Sciara;7;17;24;Afdeling 15
Sciara;7;16;24;Afdeling 15
Sciara;7;14;24;Afdeling 15
Sciara;10;11;24;Afdeling 15
Sciara;17;44;24;Afdeling 15
Sciara;10;43;24;Afdeling 15
Sciara;13;29;24;Afdeling 15
Sciara;10;29;24;Afdeling 15
Sciara;11;26;24;Afdeling 15
Sciara;10;24;24;Afdeling 15
Sciara;7;24;24;Afdeling 15
Sciara;16;19;24;Afdeling 15
Sciara;7;18;24;Afdeling 15
Sciara;13;17;24;Afdeling 15
Sciara;11;14;24;Afdeling 15
Sciara;10;11;24;Afdeling 15
Sciara;20;19;24;Afdeling 15
Sciara;10;16;24;Afdeling 15
Sciara;15;14;24;Afdeling 15
Sciara;10;25;24;Afdeling 15
Sciara;12;22;24;Afdeling 15
Sciara;14;25;24;Afdeling 15
Sciara;14;43;23;Afdeling 14
Sciara;7;43;23;Afdeling 14
Sciara;12;43;23;Afdeling 14
Sciara;7;27;23;Afdeling 14
Sciara;10;24;23;Afdeling 14
Sciara;13;24;23;Afdeling 14
Sciara;13;24;23;Afdeling 14
Sciara;18;44;23;Afdeling 14
Sciara;10;44;23;Afdeling 14
Sciara;18;29;23;Afdeling 14
Sciara;12;29;23;Afdeling 14
Sciara;10;25;23;Afdeling 14
Sciara;22;22;23;Afdeling 14
Sciara;13;22;23;Afdeling 14
Sciara;18;22;23;Afdeling 14
Sciara;9;19;23;Afdeling 14
Sciara;7;19;23;Afdeling 14
Sciara;11;22;23;Afdeling 14
Sciara;11;43;23;Afdeling 14
Sciara;7;33;23;Afdeling 14
Sciara;15;29;23;Afdeling 14
Sciara;9;27;23;Afdeling 14
Sciara;9;27;23;Afdeling 14
Sciara;9;26;23;Afdeling 14
Sciara;16;24;23;Afdeling 14
Sciara;10;25;23;Afdeling 14
Sciara;9;14;23;Afdeling 14
Sciara;9;11;23;Afdeling 14
Sciara;12;14;23;Afdeling 14
Sciara;14;19;23;Afdeling 14
Sciara;14;24;22;Afdeling 13
Sciara;29;29;22;Afdeling 13
Sciara;17;29;22;Afdeling 13
Sciara;17;27;22;Afdeling 13
Sciara;14;27;22;Afdeling 13
Sciara;22;26;22;Afdeling 13
Sciara;9;24;22;Afdeling 13
Sciara;10;23;22;Afdeling 13
Sciara;7;23;22;Afdeling 13
Sciara;15;24;22;Afdeling 13
Sciara;26;44;22;Afdeling 13
Sciara;13;26;22;Afdeling 13
Sciara;10;26;22;Afdeling 13
Sciara;16;25;22;Afdeling 13
Sciara;11;25;22;Afdeling 13
Sciara;26;25;22;Afdeling 13
Sciara;11;23;22;Afdeling 13
Sciara;16;22;22;Afdeling 13
Sciara;32;22;22;Afdeling 13
Sciara;7;29;22;Afdeling 13
Sciara;11;26;22;Afdeling 13
Sciara;10;25;22;Afdeling 13
Sciara;14;24;21;Afdeling 12
Sciara;10;27;21;Afdeling 12
Sciara;12;27;21;Afdeling 12
Sciara;9;24;21;Afdeling 12
Sciara;9;24;21;Afdeling 12
Sciara;13;29;21;Afdeling 12
Sciara;36;29;21;Afdeling 12
Sciara;26;29;21;Afdeling 12
Sciara;10;26;21;Afdeling 12
Sciara;14;27;21;Afdeling 12
Sciara;56;23;21;Afdeling 12
Sciara;9;23;21;Afdeling 12
Sciara;11;23;21;Afdeling 12
Sciara;18;29;21;Afdeling 12
Sciara;12;26;21;Afdeling 12
Sciara;13;25;21;Afdeling 12
Sciara;14;25;21;Afdeling 12
Sciara;7;25;21;Afdeling 12
Sciara;10;22;21;Afdeling 12
Sciara;15;22;21;Afdeling 12
Sciara;9;22;21;Afdeling 12
Sciara;16;19;21;Afdeling 12
Sciara;18;19;21;Afdeling 12
Sciara;11;19;21;Afdeling 12
Sciara;7;7;21;Afdeling 12
Sciara;30;16;21;Afdeling 12
Sciara;12;14;21;Afdeling 12
Sciara;22;18;21;Afdeling 12
Sciara;22;19;21;Afdeling 12
Sciara;9;43;20;Afdeling 11
Sciara;12;43;20;Afdeling 11
Sciara;18;24;20;Afdeling 11
Sciara;10;29;20;Afdeling 11
Sciara;7;27;20;Afdeling 11
Sciara;20;43;20;Afdeling 11
Sciara;7;43;20;Afdeling 11
Sciara;7;40;20;Afdeling 11
Sciara;14;42;20;Afdeling 11
Sciara;9;29;20;Afdeling 11
Sciara;25;29;20;Afdeling 11
Sciara;9;26;20;Afdeling 11
Sciara;7;26;20;Afdeling 11
Sciara;7;18;20;Afdeling 11
Sciara;24;15;20;Afdeling 11
Sciara;23;14;20;Afdeling 11
Sciara;10;11;20;Afdeling 11
Sciara;13;11;20;Afdeling 11
Sciara;40;16;20;Afdeling 11
Sciara;7;16;20;Afdeling 11
Sciara;9;7;20;Afdeling 11
Sciara;12;25;20;Afdeling 11
Sciara;12;22;20;Afdeling 11
Sciara;15;19;20;Afdeling 11
Sciara;33;19;20;Afdeling 11
Sciara;21;19;20;Afdeling 11
Sciara;100;15;20;Afdeling 11
Sciara;17;16;20;Afdeling 11
Sciara;14;14;20;Afdeling 11
Sciara;12;6;20;Afdeling 11
Sciara;36;29;18;Afdeling 10
Sciara;12;44;18;Afdeling 10
Sciara;33;29;18;Afdeling 10
Sciara;100;27;18;Afdeling 10
Sciara;100;27;18;Afdeling 10
Sciara;100;27;18;Afdeling 10
Sciara;100;27;18;Afdeling 10
Sciara;100;24;18;Afdeling 10
Sciara;100;24;18;Afdeling 10
Sciara;24;15;18;Afdeling 10
Sciara;9;44;18;Afdeling 10
Sciara;9;44;18;Afdeling 10
Sciara;10;44;18;Afdeling 10
Sciara;100;29;18;Afdeling 10
Sciara;100;29;18;Afdeling 10
Sciara;100;26;18;Afdeling 10
Sciara;67;26;18;Afdeling 10
Sciara;100;26;18;Afdeling 10
Sciara;74;24;18;Afdeling 10
Sciara;44;23;18;Afdeling 10
Sciara;43;23;18;Afdeling 10
Sciara;15;17;18;Afdeling 10
Sciara;100;17;18;Afdeling 10
Sciara;100;15;18;Afdeling 10
Sciara;10;14;18;Afdeling 10
Sciara;10;14;18;Afdeling 10
Sciara;41;16;18;Afdeling 10
Sciara;50;6;18;Afdeling 10
Sciara;40;22;18;Afdeling 10
Sciara;36;25;18;Afdeling 10
Sciara;18;19;18;Afdeling 10
Sciara;10;17;18;Afdeling 10
Sciara;46;23;18;Afdeling 10
Sciara;40;22;18;Afdeling 10
Sciara;76;25;18;Afdeling 10
Sciara;54;25;18;Afdeling 10
Sciara;100;24;18;Afdeling 10
Sciara;70;22;18;Afdeling 10
Sciara;38;19;18;Afdeling 10
Sciara;23;19;18;Afdeling 10
Sciara;23;19;18;Afdeling 10
Sciara;43;25;18;Afdeling 10
Sciara;7;14;18;Afdeling 10
Sciara;50;22;18;Afdeling 10
Sciara;16;23;18;Afdeling 10
Sciara;20;29;17;Afdeling 9
Sciara;7;31;17;Afdeling 9
Sciara;10;29;17;Afdeling 9
Sciara;34;27;17;Afdeling 9
Sciara;31;27;17;Afdeling 9
Sciara;20;27;17;Afdeling 9
Sciara;19;27;17;Afdeling 9
Sciara;15;24;17;Afdeling 9
Sciara;13;24;17;Afdeling 9
Sciara;7;18;17;Afdeling 9
Sciara;9;15;17;Afdeling 9
Sciara;9;23;17;Afdeling 9
Sciara;19;29;17;Afdeling 9
Sciara;15;29;17;Afdeling 9
Sciara;25;26;17;Afdeling 9
Sciara;18;26;17;Afdeling 9
Sciara;13;24;17;Afdeling 9
Sciara;11;24;17;Afdeling 9
Sciara;15;23;17;Afdeling 9
Sciara;16;19;17;Afdeling 9
Sciara;13;19;17;Afdeling 9
Sciara;9;17;17;Afdeling 9
Sciara;15;14;17;Afdeling 9
Sciara;30;14;17;Afdeling 9
Sciara;14;25;17;Afdeling 9
Sciara;7;16;17;Afdeling 9
Sciara;7;13;17;Afdeling 9
Sciara;25;19;17;Afdeling 9
Sciara;17;25;17;Afdeling 9
Sciara;34;25;17;Afdeling 9
Sciara;19;23;17;Afdeling 9
Sciara;16;14;17;Afdeling 9
Sciara;13;29;16;Afdeling 8
Sciara;9;19;16;Afdeling 8
Sciara;27;27;16;Afdeling 8
Sciara;16;27;16;Afdeling 8
Sciara;9;27;16;Afdeling 8
Sciara;13;24;16;Afdeling 8
Sciara;15;24;16;Afdeling 8
Sciara;7;24;16;Afdeling 8
Sciara;11;23;16;Afdeling 8
Sciara;7;18;16;Afdeling 8
Sciara;7;17;16;Afdeling 8
Sciara;7;14;16;Afdeling 8
Sciara;22;29;16;Afdeling 8
Sciara;18;22;16;Afdeling 8
Sciara;22;22;16;Afdeling 8
Sciara;11;19;16;Afdeling 8
Sciara;25;22;16;Afdeling 8
Sciara;45;19;16;Afdeling 8
Sciara;14;27;15;Afdeling 7
Sciara;11;26;15;Afdeling 7
Sciara;9;25;15;Afdeling 7
Sciara;12;22;15;Afdeling 7
Sciara;11;19;15;Afdeling 7
Sciara;10;11;15;Afdeling 7
Sciara;9;15;15;Afdeling 7
Sciara;24;29;15;Afdeling 7
Sciara;42;27;15;Afdeling 7
Sciara;10;27;15;Afdeling 7
Sciara;10;26;15;Afdeling 7
Sciara;10;26;15;Afdeling 7
Sciara;9;24;15;Afdeling 7
Sciara;9;14;15;Afdeling 7
Sciara;14;19;15;Afdeling 7
Sciara;37;19;15;Afdeling 7
Sciara;13;19;15;Afdeling 7
Sciara;17;22;15;Afdeling 7
Sciara;7;26;15;Afdeling 7
Sciara;13;22;15;Afdeling 7
Sciara;15;27;14;Afdeling 6
Sciara;14;15;14;Afdeling 6
Sciara;7;27;14;Afdeling 6
Sciara;9;25;14;Afdeling 6
Sciara;12;23;14;Afdeling 6
Sciara;7;22;14;Afdeling 6
Sciara;12;19;14;Afdeling 6
Sciara;24;19;14;Afdeling 6
Sciara;27;14;14;Afdeling 6
Sciara;7;18;14;Afdeling 6
Sciara;7;33;14;Afdeling 6
Sciara;7;33;14;Afdeling 6
Sciara;12;29;14;Afdeling 6
Sciara;9;27;14;Afdeling 6
Sciara;9;26;14;Afdeling 6
Sciara;11;24;14;Afdeling 6
Sciara;7;24;14;Afdeling 6
Sciara;18;19;14;Afdeling 6
Sciara;19;15;14;Afdeling 6
Sciara;7;15;14;Afdeling 6
Sciara;17;14;14;Afdeling 6
Sciara;13;22;14;Afdeling 6
Sciara;31;19;14;Afdeling 6
Sciara;13;22;14;Afdeling 6
Sciara;100;14;14;Afdeling 6
Sciara;100;52;13;Afdeling 5
Sciara;15;43;13;Afdeling 5
Sciara;100;51;13;Afdeling 5
Sciara;15;43;13;Afdeling 5
Sciara;13;42;13;Afdeling 5
Sciara;18;24;13;Afdeling 5
Sciara;100;51;13;Afdeling 5
Sciara;17;11;13;Afdeling 5
Sciara;12;18;13;Afdeling 5
Sciara;14;15;13;Afdeling 5
Sciara;30;44;13;Afdeling 5
Sciara;35;44;13;Afdeling 5
Sciara;45;44;13;Afdeling 5
Sciara;18;25;13;Afdeling 5
Sciara;12;25;13;Afdeling 5
Sciara;15;24;13;Afdeling 5
Sciara;36;23;13;Afdeling 5
Sciara;16;23;13;Afdeling 5
Sciara;43;22;13;Afdeling 5
Sciara;25;22;13;Afdeling 5
Sciara;17;19;13;Afdeling 5
Sciara;19;19;13;Afdeling 5
Sciara;12;19;13;Afdeling 5
Sciara;22;17;13;Afdeling 5
Sciara;13;17;13;Afdeling 5
Sciara;26;16;13;Afdeling 5
Sciara;16;16;13;Afdeling 5
Sciara;29;15;13;Afdeling 5
Sciara;19;14;13;Afdeling 5
Sciara;54;14;13;Afdeling 5
Sciara;7;13;13;Afdeling 5
Sciara;16;13;13;Afdeling 5
Sciara;10;11;13;Afdeling 5
Sciara;9;27;13;Afdeling 5
Sciara;11;18;13;Afdeling 5
Sciara;11;17;13;Afdeling 5
Sciara;10;16;13;Afdeling 5
Sciara;10;15;13;Afdeling 5
Sciara;9;15;13;Afdeling 5
Sciara;23;14;13;Afdeling 5
Sciara;31;14;13;Afdeling 5
Sciara;14;24;13;Afdeling 5
Sciara;18;23;13;Afdeling 5
Sciara;10;43;13;Afdeling 5
Sciara;16;22;13;Afdeling 5
Sciara;11;26;13;Afdeling 5
Sciara;21;25;13;Afdeling 5
Sciara;16;24;13;Afdeling 5
Sciara;10;23;13;Afdeling 5
Sciara;17;22;13;Afdeling 5
Sciara;21;25;13;Afdeling 5
Sciara;10;16;13;Afdeling 5
Sciara;13;19;13;Afdeling 5
Sciara;10;27;12;Afdeling 4
Sciara;7;27;12;Afdeling 4
Sciara;15;27;12;Afdeling 4
Sciara;14;26;12;Afdeling 4
Sciara;9;24;12;Afdeling 4
Sciara;10;24;12;Afdeling 4
Sciara;10;23;12;Afdeling 4
Sciara;9;15;12;Afdeling 4
Sciara;11;14;12;Afdeling 4
Sciara;14;11;12;Afdeling 4
Sciara;12;42;12;Afdeling 4
Sciara;7;26;12;Afdeling 4
Sciara;9;25;12;Afdeling 4
Sciara;14;22;12;Afdeling 4
Sciara;10;22;12;Afdeling 4
Sciara;16;19;12;Afdeling 4
Sciara;19;19;12;Afdeling 4
Sciara;19;14;12;Afdeling 4
Sciara;16;19;12;Afdeling 4
Sciara;10;25;12;Afdeling 4
Sciara;16;22;12;Afdeling 4
Sciara;9;15;12;Afdeling 4
Sciara;12;27;12;Afdeling 4
Sciara;12;26;12;Afdeling 4
Sciara;13;23;12;Afdeling 4
Sciara;15;43;11;Afdeling 3
Sciara;10;18;11;Afdeling 3
Sciara;15;43;11;Afdeling 3
Sciara;10;43;11;Afdeling 3
Sciara;17;29;11;Afdeling 3
Sciara;11;29;11;Afdeling 3
Sciara;23;29;11;Afdeling 3
Sciara;12;23;11;Afdeling 3
Sciara;32;16;11;Afdeling 3
Sciara;14;22;11;Afdeling 3
Sciara;10;22;11;Afdeling 3
Sciara;7;34;11;Afdeling 3
Sciara;7;34;11;Afdeling 3
Sciara;14;29;11;Afdeling 3
Sciara;7;26;11;Afdeling 3
Sciara;14;22;11;Afdeling 3
Sciara;14;19;11;Afdeling 3
Sciara;10;19;11;Afdeling 3
Sciara;11;22;11;Afdeling 3
Sciara;15;33;10;Afdeling 2
Sciara;9;33;10;Afdeling 2
Sciara;10;26;10;Afdeling 2
Sciara;10;23;10;Afdeling 2
Sciara;11;19;10;Afdeling 2
Sciara;12;19;10;Afdeling 2
Sciara;2;32;27;Afdeling 18
Sciara;2;51;26;Afdeling 17
Sciara;2;43;26;Afdeling 17
Sciara;2;51;26;Afdeling 17
Sciara;2;49;26;Afdeling 17
Sciara;2;48;26;Afdeling 17
Sciara;2;43;26;Afdeling 17
Sciara;2;18;26;Afdeling 17
Sciara;2;6;26;Afdeling 17
Sciara;2;47;26;Afdeling 17
Sciara;2;32;26;Afdeling 17
Sciara;2;47;26;Afdeling 17
Sciara;2;7;26;Afdeling 17
Sciara;2;44;25;Afdeling 16
Sciara;2;33;25;Afdeling 16
Sciara;2;18;25;Afdeling 16
Sciara;2;9;25;Afdeling 16
Sciara;2;6;25;Afdeling 16
Sciara;2;33;24;Afdeling 15
Sciara;2;51;24;Afdeling 15
Sciara;2;6;24;Afdeling 15
Sciara;2;7;24;Afdeling 15
Sciara;2;13;24;Afdeling 15
Sciara;2;7;24;Afdeling 15
Sciara;2;23;23;Afdeling 14
Sciara;2;32;23;Afdeling 14
Sciara;2;31;23;Afdeling 14
Sciara;2;14;23;Afdeling 14
Sciara;2;15;23;Afdeling 14
Sciara;2;40;23;Afdeling 14
Sciara;2;18;23;Afdeling 14
Sciara;2;15;23;Afdeling 14
Sciara;2;11;23;Afdeling 14
Sciara;2;52;22;Afdeling 13
Sciara;2;31;22;Afdeling 13
Sciara;2;15;21;Afdeling 12
Sciara;2;14;21;Afdeling 12
Sciara;2;15;21;Afdeling 12
Sciara;2;11;21;Afdeling 12
Sciara;2;33;20;Afdeling 11
Sciara;2;40;20;Afdeling 11
Sciara;2;31;20;Afdeling 11
Sciara;2;31;20;Afdeling 11
Sciara;2;25;20;Afdeling 11
Sciara;2;11;20;Afdeling 11
Sciara;2;7;20;Afdeling 11
Sciara;2;22;20;Afdeling 11
Sciara;2;42;18;Afdeling 10
Sciara;2;32;18;Afdeling 10
Sciara;2;48;18;Afdeling 10
Sciara;2;42;18;Afdeling 10
Sciara;2;32;18;Afdeling 10
Sciara;2;7;18;Afdeling 10
Sciara;2;7;18;Afdeling 10
Sciara;2;18;17;Afdeling 9
Sciara;2;17;17;Afdeling 9
Sciara;2;14;17;Afdeling 9
Sciara;2;31;17;Afdeling 9
Sciara;2;42;16;Afdeling 8
Sciara;2;15;16;Afdeling 8
Sciara;2;11;16;Afdeling 8
Sciara;2;17;16;Afdeling 8
Sciara;2;23;16;Afdeling 8
Sciara;2;32;16;Afdeling 8
Sciara;2;43;15;Afdeling 7
Sciara;2;13;15;Afdeling 7
Sciara;2;24;15;Afdeling 7
Sciara;2;17;15;Afdeling 7
Sciara;2;14;15;Afdeling 7
Sciara;2;25;15;Afdeling 7
Sciara;2;16;15;Afdeling 7
Sciara;2;17;15;Afdeling 7
Sciara;2;23;15;Afdeling 7
Sciara;2;13;15;Afdeling 7
Sciara;2;46;14;Afdeling 6
Sciara;2;42;14;Afdeling 6
Sciara;2;34;14;Afdeling 6
Sciara;2;13;14;Afdeling 6
Sciara;2;42;14;Afdeling 6
Sciara;2;33;14;Afdeling 6
Sciara;2;32;14;Afdeling 6
Sciara;2;34;14;Afdeling 6
Sciara;2;25;14;Afdeling 6
Sciara;2;33;13;Afdeling 5
Sciara;2;47;13;Afdeling 5
Sciara;2;26;13;Afdeling 5
Sciara;2;11;13;Afdeling 5
Sciara;2;51;12;Afdeling 4
Sciara;2;48;12;Afdeling 4
Sciara;2;48;12;Afdeling 4
Sciara;2;32;12;Afdeling 4
Sciara;2;17;12;Afdeling 4
Sciara;2;6;12;Afdeling 4
Sciara;2;15;12;Afdeling 4
Sciara;2;16;12;Afdeling 4
Sciara;2;34;12;Afdeling 4
Sciara;2;32;12;Afdeling 4
Sciara;2;13;12;Afdeling 4
Sciara;2;42;12;Afdeling 4
Sciara;2;17;11;Afdeling 3
Sciara;2;17;11;Afdeling 3
Sciara;2;11;11;Afdeling 3
Sciara;2;16;11;Afdeling 3
Sciara;2;47;11;Afdeling 3
Sciara;2;47;11;Afdeling 3
Sciara;2;33;11;Afdeling 3
Sciara;2;43;10;Afdeling 2
Sciara;2;32;10;Afdeling 2
Sciara;2;17;10;Afdeling 2
Sciara;2;17;10;Afdeling 2
Sciara;2;15;10;Afdeling 2
Sciara;2;14;10;Afdeling 2
Sciara;2;16;10;Afdeling 2
Sciara;2;32;10;Afdeling 2
Sciara;2;34;10;Afdeling 2
